<?xml version="1.0"?>
<odoo>
	<data noupdate="1">
		
		<record model="ir.rule" id="hr_payslip_rule">
	        <field name="name">Payslips multi-company</field>
	        <field name="model_id" ref="hr_payroll.model_hr_payslip" />
	        <field name="global" eval="True"/>
	        <field name="domain_force">['|',('company_id','child_of',[user.company_id.id]),('company_id','=',False)]</field>
	    </record>
	    
	    <record model="ir.rule" id="hr_payslip_batch_rule">
	        <field name="name">Payslips Batches multi-company</field>
	        <field name="model_id" ref="hr_payroll.model_hr_payslip_run" />
	        <field name="global" eval="True"/>
	        <field name="domain_force">['|',('company_id','child_of',[user.company_id.id]),('company_id','=',False)]</field>
	    </record>
	    
	    <record model="ir.rule" id="hr_structure_rule">
	        <field name="name">Salary Structure multi-company</field>
	        <field name="model_id" ref="hr_payroll.model_hr_payroll_structure" />
	        <field name="global" eval="True"/>
	        <field name="domain_force">['|',('company_id','child_of',[user.company_id.id]),('company_id','=',False)]</field>
	    </record>
	    
	    <record model="ir.rule" id="hr_employee_rule">
	        <field name="name">Employee multi-company</field>
	        <field name="model_id" ref="hr.model_hr_employee" />
	        <field name="global" eval="True"/>
	        <field name="domain_force">['|',('company_id','child_of',[user.company_id.id]),('company_id','=',False)]</field>
	    </record>
	    
	    <record model="ir.rule" id="hr_contract_rule">
	        <field name="name">Contracts multi-company</field>
	        <field name="model_id" ref="hr_contract.model_hr_contract" />
	        <field name="global" eval="True"/>
	        <field name="domain_force">['|',('company_id','child_of',[user.company_id.id]),('company_id','=',False)]</field>
	    </record>
			
	</data>
</odoo>