<?xml version="1.0" encoding="UTF-8"?>
<odoo>
	<data >
		<record id="send_automatic_email_documents_Will_expire_soon"
			model="ir.cron">
			<field name="name">Send Email Documents Will Expire Soon</field>
			<field name="active">True</field>
			<field name="interval_number">1</field>
			<field name="interval_type">days</field>
			<field name="doall" eval="False" />
			<field name="model_id" ref="hr.model_hr_employee" />
			<field name="state">code</field>
			<field name="code">model.send_documnets_expiry_email()</field>
		</record>
	</data>
</odoo>