<?xml version="1.0" encoding="utf-8"?>
<odoo>
	<data noupdate="1">

		<record id="overtime_tag" model="account.analytic.tag">
			<field name="name">Overtime</field>
		</record>


		<!-- Overtime Rule -->
		<record id="overtime_rule_OTN_add" model="hr.salary.rule">
			<field name="name">Overtime Rule</field>
			<field name="sequence" eval="12" />
			<field name="code">OTN</field>
			<field name="category_id" ref="hr_payroll.ALW" />
			<field name="condition_select">python</field>
			<field name="condition_python">result=inputs.OTN or False</field>
			<field name="amount_select">code</field>
			<field name="amount_python_compute">result = inputs.OTN.amount</field>
		</record>


		<record id="property_rule_overtime_employee" model="ir.rule">
			<field name="name">Overtime - Employee</field>
			<field name="model_id" ref="model_hr_overtime" />
			<field name="domain_force">[('message_partner_ids','=',user.partner_id.id)]
			</field>
			<field name="perm_create" eval="False" />
			<field name="perm_write" eval="False" />
			<field name="perm_unlink" eval="False" />
			<field name="groups" eval="[(4,ref('base.group_user'))]" />
		</record>


		<record id="overtime_menu_group" model="res.groups">
			<field name="name">Hide Overtime Menu</field>
		</record>
		
		
		<record id="overtime_menu_rule" model="ir.rule">
			<field name="name">Overtime - Employee</field>
			<field name="model_id" ref="base.model_ir_ui_menu" />
			<field name="domain_force">[]
			</field>
			<field name="perm_create" eval="False" />
			<field name="perm_write" eval="False" />
			<field name="perm_unlink" eval="False" />
			<field name="groups" eval="[(4,ref('hr_overtime_management.overtime_menu_group'))]" />
		</record>
		
		

	</data>
</odoo>