<?xml version="1.0" encoding="utf-8"?>
<odoo>
	<data noupdate="1">
		<record id="sale_order_retail_seq" model="ir.sequence">
			<field name="name">Sale Retail Seq</field>
			<field name="code">sale.order.ret</field>
			<field name="prefix">RE/SO</field>
			<field eval="1" name="number_next" />
			<field eval="1" name="number_increment" />
		</record>
		<record id="sale_order_trading_seq" model="ir.sequence">
			<field name="name">Sale Trading Seq</field>
			<field name="code">sale.order.tr</field>
			<field name="prefix">TR/SO</field>
			<field eval="1" name="number_next" />
			<field eval="1" name="number_increment" />
		</record>
	</data>
</odoo>