<?xml version="1.0" encoding="utf-8"?>
<odoo>
        <!-- Chart template of l10n_qa -->
        <record id="l10nsa_chart_template" model="account.chart.template">
            <field name="code_digits">8</field>
            <field name="property_account_receivable_id" ref="account_account_template_6"/>
            <field name="property_account_payable_id" ref="account_account_template_30"/>
            <field name="property_account_expense_categ_id" ref="account_account_template_51"/>
            <field name="property_account_income_categ_id" ref="account_account_template_50"/>
	        <field name="property_account_expense_id" ref="account_account_template_51"/>
	        <field name="property_account_income_id" ref="account_account_template_50"/>
            <field name="expense_currency_exchange_account_id" ref="account_account_template_76"/>
            <field name="income_currency_exchange_account_id" ref="account_account_template_76"/>
        </record>
</odoo>
